typ,url,ziel_neue_seite
startseite,https://sunnyartis.de/,
produkt,https://sunnyartis.de/products/magische-sternsilhouette-plotterdatei-svg,
produkt,https://sunnyartis.de/products/flamingo-summer-edition,
produkt,https://sunnyartis.de/products/plotterdatei-svg-kolibri,
produkt,https://sunnyartis.de/products/plotterdatei-svg-pfau,
produkt,https://sunnyartis.de/products/plotterdatei-svg-voegel,
produkt,https://sunnyartis.de/products/familie-pfau-plotterdatei-svg,
produkt,https://sunnyartis.de/products/pfauen-plotterdatei-svg,
produkt,https://sunnyartis.de/products/plotterdatei-set-pfauen,
produkt,https://sunnyartis.de/products/headset-plotterdatei-svg,
produkt,https://sunnyartis.de/products/7er-set-mandalas,
produkt,https://sunnyartis.de/products/vikings-plotterdatei-svg,
produkt,https://sunnyartis.de/products/plotterdatei-svg-gamer-tetris,
produkt,https://sunnyartis.de/products/schleckermaul-hund,
produkt,https://sunnyartis.de/products/plotterdatei-svg-fee,
produkt,https://sunnyartis.de/products/plotterdatei-svg-coole-sneakers,
produkt,https://sunnyartis.de/products/vater-sohn-sneakers,
produkt,https://sunnyartis.de/products/plotterdatei-svg-sneakers-laessig,
produkt,https://sunnyartis.de/products/plotterdatei-ballet-sneakers,
produkt,https://sunnyartis.de/products/plotterdatei-sneakers-set,
produkt,https://sunnyartis.de/products/traumfaenger-plotterdatei-svg,
produkt,https://sunnyartis.de/products/8er-herzset-plotterdatei-svg,
produkt,https://sunnyartis.de/products/federset-plotterdatei-svg,
produkt,https://sunnyartis.de/products/maedchen-denken-plotterdatei-svg,
produkt,https://sunnyartis.de/products/weihnachtsmann-mit-baum-plotterdatei-svg,
produkt,https://sunnyartis.de/products/weihnachtwuensche-plotterdatei-svg,
produkt,https://sunnyartis.de/products/weihnachtsbaum-plotterdatei-svg,
produkt,https://sunnyartis.de/products/grosses-weihnachtsset-sterne-und-schnee-plotterdatei,
produkt,https://sunnyartis.de/products/grosses-weihnachtsset-2-plotterdatei-svg,
produkt,https://sunnyartis.de/products/grosses-weihnachtsset-plotterdatei-svg-s3,
produkt,https://sunnyartis.de/products/grosses-weihnachtsset-4-plotterdatei-svg,
produkt,https://sunnyartis.de/products/plotterdatei-hirsch,
produkt,https://sunnyartis.de/products/plotterdatei-fuchs,
produkt,https://sunnyartis.de/products/plotterdatei-svg-eichhoernchen,
produkt,https://sunnyartis.de/products/plotterdatei-svg-wikinger-trinkspruch,
produkt,https://sunnyartis.de/products/gruseliger-halloween-kuerbis-plotterdatei-svg,
produkt,https://sunnyartis.de/products/prost-auf-weihnachten-svg-plotterdatei,
produkt,https://sunnyartis.de/products/plotterdatei-svg-sussigkeiten-verpackung,
produkt,https://sunnyartis.de/products/herbstset-plotterdatei-svg,
produkt,https://sunnyartis.de/products/rosen-plotterdatei-svg,
produkt,https://sunnyartis.de/products/musicgirl-plotterdatei-svg,
produkt,https://sunnyartis.de/products/weihnachtskarte-weihnachtsmann-digitales-design,
produkt,https://sunnyartis.de/products/zauberhaftes-windlicht-plotterdatei-svg,
produkt,https://sunnyartis.de/products/wikinger-fanset-plotterdatei-svg,
produkt,https://sunnyartis.de/products/plotterdatei-svg-osterhase-stupsnase,
produkt,https://sunnyartis.de/products/osterhasen-silhoutte-plotterdatei-svg,
produkt,https://sunnyartis.de/products/suesses-haeschen-plotterdatei-svg,
produkt,https://sunnyartis.de/products/ostern-bastelset-plotterdatei-svg,
produkt,https://sunnyartis.de/products/3d-blume-plotterdatei-svg,
produkt,https://sunnyartis.de/products/plotterdatei-muttertagsset-svg,
produkt,https://sunnyartis.de/products/plottersdatei-vatertagsset-kostenlos,
produkt,https://sunnyartis.de/products/spieglein-spieglein-plotterdatei-svg,
produkt,https://sunnyartis.de/products/plotterdatei-faultier-svg,
produkt,https://sunnyartis.de/products/plotterdatei-svg-schmetterling,
produkt,https://sunnyartis.de/products/prinzicke-svg-plotterdatei,
produkt,https://sunnyartis.de/products/plotterdatei-gamer-mit-stil,
produkt,https://sunnyartis.de/products/plotterdatei-svg-reh,
produkt,https://sunnyartis.de/products/plotterdatei-svg-eule,
produkt,https://sunnyartis.de/products/plotterdatei-igel-svg,
produkt,https://sunnyartis.de/products/3d-christbaumschmuck-hirsch-svg-plotterdatei,
produkt,https://sunnyartis.de/products/keep-calm-game-on-plotterdatei-svg,
produkt,https://sunnyartis.de/products/plotterdatei-svg-gemusterte-blume,
produkt,https://sunnyartis.de/products/halloween-schattenbox-lampe-svg-plotterdatei,
produkt,https://sunnyartis.de/products/mutter-und-kind-plotterdatei-svg,
produkt,https://sunnyartis.de/products/plotterdatei-svg-basteldatei-windlicht,
produkt,https://sunnyartis.de/products/fee-schattenbox-plotterdatei-svg,
produkt,https://sunnyartis.de/products/set-umrandungen-plotterdatei-svg,
produkt,https://sunnyartis.de/products/plotterdatei-kostenlos-svg-herzsilhouette,
produkt,https://sunnyartis.de/products/gruseliges-gesicht-plotterdatei-svg,
produkt,https://sunnyartis.de/products/halloween-kuerbisse-plotterdatei-kostenlos,
produkt,https://sunnyartis.de/products/feuerwehrmaennchen-plotterdatei-svg,
produkt,https://sunnyartis.de/products/sommer-cocktail-plotterdatei-kostenlos-svg,
produkt,https://sunnyartis.de/products/immer-verbunden-plotterdatei-svg,
produkt,https://sunnyartis.de/products/immer-verbunden-2-plotterdatei-svg,
produkt,https://sunnyartis.de/products/plotterdatei-svg-einhorn,
produkt,https://sunnyartis.de/products/plotterdatei-svg-eule-mit-amulett,
produkt,https://sunnyartis.de/products/plotterdatei-svg-katze-mit-spurch,
produkt,https://sunnyartis.de/products/plotterdatei-svg-katzengesicht,
produkt,https://sunnyartis.de/products/weihnachts-geschenkanhaenger-plotterdatei-kostenlos,
produkt,https://sunnyartis.de/products/plotterdatei-bluetenherz,
produkt,https://sunnyartis.de/products/haeschen-clipart-png,
produkt,https://sunnyartis.de/products/spieglein-spieglein-clipart-png,
produkt,https://sunnyartis.de/products/federn-nahtloses-muster,
produkt,https://sunnyartis.de/products/mandalas-nahtloses-muster,
produkt,https://sunnyartis.de/products/nahtloses-muster-set-dunkle-farben,
produkt,https://sunnyartis.de/products/nahtloses-muster-set-helle-farben,
produkt,https://sunnyartis.de/products/nahtloses-muster-set-rosa-braun,
produkt,https://sunnyartis.de/products/nahtloses-muster-set-fruhling,
produkt,https://sunnyartis.de/products/fantasie-in-farbe-malbuch-fuer-teenager,
produkt,https://sunnyartis.de/products/leinwand-mit-ausmalmotiv-auge,
produkt,https://sunnyartis.de/products/leinwand-mit-ausmalmotiv-blume-mit-frau,
produkt,https://sunnyartis.de/products/leinwand-zum-ausmalen-einhorn,
produkt,https://sunnyartis.de/products/leinwand-mit-ausmalmotiv-eule,
produkt,https://sunnyartis.de/products/leinwand-ausmalen-frau,
produkt,https://sunnyartis.de/products/leinwand-mit-ausmalmotiv-blumengesicht,
produkt,https://sunnyartis.de/products/leinwand-mit-ausmalmotiv-crazy-dog,
produkt,https://sunnyartis.de/products/leinwand-zum-ausmalen-maedchen-mit-teddy,
produkt,https://sunnyartis.de/products/leinwand-mit-ausmalmotiv-maedchen-bei-nacht,
produkt,https://sunnyartis.de/products/leinwand-zum-ausmalen-papageien,
produkt,https://sunnyartis.de/products/gewerbliche-lizenz-plotterdatei,
produkt,https://sunnyartis.de/products/poster-a3-ms1-bleistiftzeichnung,
produkt,https://sunnyartis.de/products/poster-a3-mk1-bleistiftzeichnung,
produkt,https://sunnyartis.de/products/poster-a3-mh1-bleistiftzeichnung,
produkt,https://sunnyartis.de/products/poster-a3-go1-mixed-technik,
produkt,https://sunnyartis.de/products/poster-a3-go2-mixed-technik,
produkt,https://sunnyartis.de/products/poster-a3-goo3-mixed-technik,
produkt,https://sunnyartis.de/products/poster-a3-op0-digitale-kunst,
produkt,https://sunnyartis.de/products/poster-a3-op1-digitale-kunst,
produkt,https://sunnyartis.de/products/poster-a3-op2-digitale-kunst,
produkt,https://sunnyartis.de/products/poster-a3-op3-digitale-kunst,
produkt,https://sunnyartis.de/products/poster-a3-op4-digitale-kunst,
produkt,https://sunnyartis.de/products/poster-a3-op5-digitale-kunst,
produkt,https://sunnyartis.de/products/poster-a3-op6-digitale-kunst,
produkt,https://sunnyartis.de/products/poster-a3-op7-digitale-kunst,
produkt,https://sunnyartis.de/products/poster-a3-op8-digitale-kunst,
produkt,https://sunnyartis.de/products/poster-a3-op9-digitale-kunst,
produkt,https://sunnyartis.de/products/poster-a3-op12-aquarell-zeichnung,
produkt,https://sunnyartis.de/products/poster-a3-op13-aquarell-zeichnung,
produkt,https://sunnyartis.de/products/poster-a3-op15-aquarell-zeichnung,
produkt,https://sunnyartis.de/products/poster-a3-op16-aquarell-zeichnung,
produkt,https://sunnyartis.de/products/poster-a3-op17-aquarell-zeichnung,
produkt,https://sunnyartis.de/products/poster-a3-op18-aquarell-zeichnung,
produkt,https://sunnyartis.de/products/poster-a3-op19-aquarell-zeichnung,
produkt,https://sunnyartis.de/products/poster-a3-vk1-bleistiftzeichnung,
produkt,https://sunnyartis.de/products/poster-a3-vk2-bleistiftzeichnung,
produkt,https://sunnyartis.de/products/poster-a3-hy1-digitale-kunst,
produkt,https://sunnyartis.de/products/poster-a3-hy2-digitale-kunst,
produkt,https://sunnyartis.de/products/poster-a3-sh1-bleistiftzeichnung,
produkt,https://sunnyartis.de/products/poster-a3-sh2-bleistiftzeichnung,
produkt,https://sunnyartis.de/products/poster-a3-sh3-bleistiftzeichnung,
produkt,https://sunnyartis.de/products/poster-a3-sh4-bleistiftzeichnung,
produkt,https://sunnyartis.de/products/poster-a3-sh5-bleistiftzeichnung,
produkt,https://sunnyartis.de/products/poster-a3-sh6-bleistiftzeichnung,
produkt,https://sunnyartis.de/products/poster-a3-wd1-comic-style,
produkt,https://sunnyartis.de/products/poster-a3-wd2-comic-style,
produkt,https://sunnyartis.de/products/poster-a3-wd3-comic-style,
produkt,https://sunnyartis.de/products/poster-a3-wd4-comic-style,
produkt,https://sunnyartis.de/products/poster-a3-wd5-comic-style,
produkt,https://sunnyartis.de/products/poster-a3-wd6-comic-style,
produkt,https://sunnyartis.de/products/poster-a3-traumfaenger-a2-digitale-kunst,
produkt,https://sunnyartis.de/products/poster-a3-headset-gm1-digitale-kunst,
produkt,https://sunnyartis.de/products/poster-a3-tetris-gamer-gm2-digitale-kunst,
produkt,https://sunnyartis.de/products/poster-a3-tv1-bleistiftzeichnung,
produkt,https://sunnyartis.de/products/poster-a3-tv2-bleistiftzeichnung,
produkt,https://sunnyartis.de/products/poster-50x50-a1-oelmalerei,
produkt,https://sunnyartis.de/products/poster-a3-motiv-a4-digitale-kunst,
produkt,https://sunnyartis.de/products/poster-a3-motiv-a5-digitale-kunst,
produkt,https://sunnyartis.de/products/poster-a3-motiv-a3-digitale-kunst,
produkt,https://sunnyartis.de/products/poster-a3-ua1-bleistiftzeichnung,
produkt,https://sunnyartis.de/products/poster-50x50-ua2-oelmalerei,
produkt,https://sunnyartis.de/products/poster-a3-ua3-bleistiftzeichnung,
produkt,https://sunnyartis.de/products/poster-50x50-gt1-acrylmalerei,
produkt,https://sunnyartis.de/products/poster-50x50-gt2-acrylmalerei,
produkt,https://sunnyartis.de/products/poster-50x50-gt3-acrylmalerei,
produkt,https://sunnyartis.de/products/poster-50x50-gt4-acrylmalerei,
produkt,https://sunnyartis.de/products/poster-a3-gt5-bleistiftzeichnung,
produkt,https://sunnyartis.de/products/poster-a3-pk1-oelmalerei,
produkt,https://sunnyartis.de/products/poster-a3-db1-digitale-kunst,
produkt,https://sunnyartis.de/products/du-bist-nicht-du-plotterdatei-svg,
produkt,https://sunnyartis.de/products/diamantenglanz-raute-ohrhanger,
produkt,https://sunnyartis.de/products/ros-bronze-boheme-ohrringe,
produkt,https://sunnyartis.de/products/blue-sky-boheme-ohrringe,
produkt,https://sunnyartis.de/products/ocean-bloom-ohrringe,
produkt,https://sunnyartis.de/products/golden-rosa-schluessel-ohrringen,
produkt,https://sunnyartis.de/products/galactic-square-ohrringe,
produkt,https://sunnyartis.de/products/schattenmatrix-ohrringe-epoxidharz,
produkt,https://sunnyartis.de/products/bronzebluetenzauber-ohrringe,
produkt,https://sunnyartis.de/products/vogelfreiheit-plaettchen-ohrringe,
produkt,https://sunnyartis.de/products/eclipsa-glamour-ohrringe-epoxidharz,
produkt,https://sunnyartis.de/products/os021,
produkt,https://sunnyartis.de/products/celestial-glitz-ohrringe-epoxidharz,
produkt,https://sunnyartis.de/products/sternenklare-epoxidharz-ohrringe,
produkt,https://sunnyartis.de/products/sterlingblue-galaxie-ohrringe-epoxidharz,
produkt,https://sunnyartis.de/products/meerbrise-epoxidharz-ohrringe,
produkt,https://sunnyartis.de/products/silver-noir-elegance-ohrringe-epoxidharz,
produkt,https://sunnyartis.de/products/karaibische-kuestenzauber-ohrringe-epoxidharz,
produkt,https://sunnyartis.de/products/starry-midnight-glitz-ohrringe-epoxidharz,
produkt,https://sunnyartis.de/products/silber-glitzer-partyfunken-ohrringe,
produkt,https://sunnyartis.de/products/rosa-eleganz-ohrringe-epoxidharz,
produkt,https://sunnyartis.de/products/bluetenzauber-perlen-ohrringe-epoxidharz,
produkt,https://sunnyartis.de/products/rosengarten-tropfen-ohrringe-epoxidharz,
produkt,https://sunnyartis.de/products/golden-crimson-glitter-ohrringe-epoxidharz,
produkt,https://sunnyartis.de/products/aquaflora-ohrringe,
produkt,https://sunnyartis.de/products/mare-flora-ohrringe,
produkt,https://sunnyartis.de/products/pink-power-eclipse-ohrringe,
produkt,https://sunnyartis.de/products/sternennacht-blueten-ohrringen,
produkt,https://sunnyartis.de/products/rosegold-glamour-ohrringe,
produkt,https://sunnyartis.de/products/aquaglitz-ohrringe-epoxidharz,
produkt,https://sunnyartis.de/products/lilith-glitz-ohrringe-epoxidharz,
produkt,https://sunnyartis.de/products/grazioese-spitzenzauber-ohrringe,
produkt,https://sunnyartis.de/products/zauberhafte-quadratur-altrosa-eleganz-ohrringe,
produkt,https://sunnyartis.de/products/celestial-love-radiance-ohrringe,
produkt,https://sunnyartis.de/products/mystische-spitzenzauber-ohrringe,
produkt,https://sunnyartis.de/products/lilienrauten-ohrringe,
produkt,https://sunnyartis.de/products/golden-glamour-quadrat-ohrringe-epoxidharz,
produkt,https://sunnyartis.de/products/lilith-lumiere-ohrringe,
produkt,https://sunnyartis.de/products/rosa-traumzauber-ohrringe,
produkt,https://sunnyartis.de/products/mosaikmeisterwerk-ohrringe,
produkt,https://sunnyartis.de/products/lila-bluetentreame-ohrringe,
produkt,https://sunnyartis.de/products/ros-gold-vision-ohrringe-epoxidharz,
produkt,https://sunnyartis.de/products/mystic-whisper-ohrringen,
produkt,https://sunnyartis.de/products/lila-blaetenpracht-ohrringe,
produkt,https://sunnyartis.de/products/schneeglanz-raute-ohrhanger,
produkt,https://sunnyartis.de/products/stellar-shadows-ohrringe,
produkt,https://sunnyartis.de/products/rose-runde-ohrringe,
produkt,https://sunnyartis.de/products/eule-mond-stern-ohrringe,
produkt,https://sunnyartis.de/products/einhorn-ohrringe,
produkt,https://sunnyartis.de/products/sternenzauber-ohrringe,
seite,https://sunnyartis.de/pages/contact,https://www.sunnyartis.de/kontakt
seite,https://sunnyartis.de/pages/epoxidharz,https://www.sunnyartis.de/schmuck
seite,https://sunnyartis.de/pages/impressum,https://www.sunnyartis.de/impressum
seite,https://sunnyartis.de/pages/datenschutzseite,https://www.sunnyartis.de/datenschutz
seite,https://sunnyartis.de/pages/datenschutz,https://www.sunnyartis.de/datenschutz
seite,https://sunnyartis.de/pages/lieferbedingungen,https://www.sunnyartis.de/
seite,https://sunnyartis.de/pages/widerruf-und-rucksendung,https://www.sunnyartis.de/
seite,https://sunnyartis.de/pages/kohle-und-bleistift,https://www.sunnyartis.de/gemaelde
seite,https://sunnyartis.de/pages/portfolio,https://www.sunnyartis.de/galerie
seite,https://sunnyartis.de/pages/online-spiele,https://www.sunnyartis.de/
seite,https://sunnyartis.de/pages/handgezeichnete-portraits,https://www.sunnyartis.de/portraets
seite,https://sunnyartis.de/pages/html-sitemap-products,https://www.sunnyartis.de/
seite,https://sunnyartis.de/pages/html-sitemap-collections,https://www.sunnyartis.de/
seite,https://sunnyartis.de/pages/html-sitemap-blogs,https://www.sunnyartis.de/blog
seite,https://sunnyartis.de/pages/html-sitemap-articles,https://www.sunnyartis.de/blog
seite,https://sunnyartis.de/pages/html-sitemap-pages,https://www.sunnyartis.de/
seite,https://sunnyartis.de/pages/html-sitemap,https://www.sunnyartis.de/
kategorie,https://sunnyartis.de/collections/leinwande,
kategorie,https://sunnyartis.de/collections/malbucher,
kategorie,https://sunnyartis.de/collections/kostenlose-plotterdateien,
kategorie,https://sunnyartis.de/collections/plotterdateien,
kategorie,https://sunnyartis.de/collections/muster,
kategorie,https://sunnyartis.de/collections/clipart,
kategorie,https://sunnyartis.de/collections/lizenzen,
kategorie,https://sunnyartis.de/collections/poster-format-50x50,
kategorie,https://sunnyartis.de/collections/poster-von-kunstlern,
kategorie,https://sunnyartis.de/collections/weihnachten,
kategorie,https://sunnyartis.de/collections/herbst,
kategorie,https://sunnyartis.de/collections/kunst-auf-postern,
kategorie,https://sunnyartis.de/collections/schmuck,
kategorie,https://sunnyartis.de/collections/ausmalen,
kategorie,https://sunnyartis.de/collections/plotterdateien-und-downloads,
kategorie,https://sunnyartis.de/collections/ohrringe-ohrstecker,
kategorie,https://sunnyartis.de/collections/schmuckset,
kategorie,https://sunnyartis.de/collections/ketten,
kategorie,https://sunnyartis.de/collections/armbander,
kategorie,https://sunnyartis.de/collections/steampunk-schmuck,
kategorie,https://sunnyartis.de/collections/basteldateien,
kategorie,https://sunnyartis.de/collections/kostenlose-ausmalbilder,
kategorie,https://sunnyartis.de/collections/ostern,
kategorie,https://sunnyartis.de/collections/poster-mehrere-formate,
kategorie,https://sunnyartis.de/collections/notizbucher,
kategorie,https://sunnyartis.de/collections/halloween,
kategorie,https://sunnyartis.de/collections/ol-und-acrylgemalde,
blog,https://sunnyartis.de/blogs/news,
blog,https://sunnyartis.de/blogs/news/das-sind-wir,https://www.sunnyartis.de/blog/das-sind-wir
blog,https://sunnyartis.de/blogs/news/anleitung-federn-zeichnen,https://www.sunnyartis.de/blog/federn-zeichnen
blog,https://sunnyartis.de/blogs/news/ein-wochenende-voller-kreativitat-auf-dem-kreativmarkt-magdeburg,https://www.sunnyartis.de/blog/kreativmarkt-magdeburg
blog,https://sunnyartis.de/blogs/news/kreatives-ausmalen-auf-leinwand,https://www.sunnyartis.de/blog/ausmalen-leinwand
blog,https://sunnyartis.de/blogs/news/halloween-laterne-selber-machen-plotteranleitung,https://www.sunnyartis.de/blog/halloween-laterne
