Redirect from,Redirect to
/collections/all/products/retro-gamer-tetris-design,/products/plotterdatei-svg-gamer-tetris
/collections/ohrringe-ohrstecker/products/kopie-von-elegance-noir-ohrhanger,/
/collections/plotter-und-schneidedateien/products/aehm-nein-faultier,/products/plotterdatei-faultier-svg
/collections/ketten/products/ks015,/products/goldener-traumf-nger-kette-epoxidharz
/collections/plotter-und-schneidedateien/products/haschen,/products/haschen-plotterdatei-svg
/collections/schmuckset/products/set002,https://sunnyartis.de/collections/schmuckset/products/set002
/collections/plotterdateien/products/weihnachtsmann-mit-baum,https://sunnyartis.de/products/weihnachtsmann-mit-baum-plotterdatei-svg
/b,/
/products/high-top-leinenschuhe-fur-damen-blumen-muster?variant=53934317044060,/
/contact,/
/collections/all/products/high-top-leinenschuhe-fur-damen-blumen-muster,/
/collections/plotterdateien-und-downloads/products/bezaubernde-herzsilhouette,https://sunnyartis.de/products/plotterdatei-kostenlos-svg-herzsilhouette
/collections/ohrringe-ohrstecker/products/os030,https://sunnyartis.de/products/rosengarten-tropfen-ohrringe-epoxidharz
/collections/schmuck/products/ks011,https://sunnyartis.de/products/bunny-kette-epoxidharz
/collections/schmuck/products/os003,https://sunnyartis.de/products/lila-blaetenpracht-ohrringe
/collections/plotterdateien/products/weihnachts-geschenkanhaenger,https://sunnyartis.de/products/weihnachts-geschenkanhaenger-plotterdatei-kostenlos
/collections/all/products/plottersatei-bluetenherz,https://sunnyartis.de/products/plotterdatei-bluetenherz
/collections/ostern/products/os030,https://sunnyartis.de/products/rosengarten-tropfen-ohrringe-epoxidharz
/collections/all/products/os030,https://sunnyartis.de/products/rosengarten-tropfen-ohrringe-epoxidharz
/collections/all/products/os010,https://sunnyartis.de/products/rose-enchantment-schmuckset
/collections/schmuck/products/ks035,https://sunnyartis.de/products/rose-enchantment-schmuckset
/collections/schmuck/products/os030,https://sunnyartis.de/products/rosengarten-tropfen-ohrringe-epoxidharz
/collections/ostern/products/ks011,https://sunnyartis.de/products/bunny-kette-epoxidharz
/collections/ohrringe-ohrstecker/products/os010,https://sunnyartis.de/products/enchanting-blossom-ohrringe
/collections/all/products/ks035,/products/rose-enchantment-schmuckset
/collections/ostern/products/ks035,/products/rose-enchantment-schmuckset
/collections/all/products/ks011,/products/bunny-kette-epoxidharz
/collections/ostern/products/os003,/products/lila-blaetenpracht-ohrringe
/collections/all/products/os003,/products/lila-blaetenpracht-ohrringe
/collections/plotterdateien/products/verschmuste-katzen-auf-dem-mond,/#seogid754399
/collections/plotterdateien/products/liebe-mama-set,/#seogid754453
/products/ks032,/#seogid754643
/collections/kostenlose-plotterdateien/products/immer-verbunden-druckschrift,/#seogid754765
/collections/weihnachten/products/3d-christbaumschmuck-hirsch-digitales-design,/#seogid755426
/collections/all/products/6er-set-kreisformige-umrandungen,/#seogid755788
/products/ks037-1,https://sunnyartis.de/products/schmuckset-steampunk-rosa
/collections/schmuckset/products/kopie-von-ks033,/#seogid756464
/collections/kostenlose-plotterdateien/products/weihnachts-geschenkanhaenger,/#seogid756855
/collections/steampunk-schmuck/products/ks031,/#seogid756867
/collections/ohrringe-ohrstecker/products/os001,/#seogid757118
/collections/basteldateien/products/karte-mit-muster-digitales-design,/#seogid757674
/h,/#seogid758507
/collections/h,/#seogid758667
/products/os068,/#seogid759226
/collections/plotterdateien/products/plottersatei-bluetenherz,/#seogid759589
/collections/schmuckset/products/ks037-1,https://sunnyartis.de/products/schmuckset-steampunk-rosa
/products/os038,/#seogid760277
/collections/schmuck/products/kopie-von-diamantenglanz-raute-ohrhanger-2,/#seogid760281
/collections/schmuck/products/kopie-von-diamantenglanz-raute-ohrhanger-1,/#seogid760855
/products/ks030,/#seogid760893
/products/rosa-einhorntraum-federohrringe,/#seogid761207
/collections/armbander/products/glanzvolle-eleganz-armband,/#seogid761291
/collections/schmuck/products/kopie-von-ks018,/#seogid761401
/collections/steampunk-schmuck/products/ks032,/#seogid761402
/collections/plotterdateien/products/ostern-bastelset-digitales-design,/#seogid761948
/collections/plotterdateien/products/niedlicher-osterhase-stupsnase,/#seogid761952
/collections/schmuckset/products/set001-1,/#seogid762191
/collections/kostenlose-plotterdateien/products/karte-mit-muster-digitales-design,/#seogid762291
/collections/plotterdateien/products/aehm-nein-faultier,/#seogid762413
/collections/schmuck/products/ks038,/#seogid763661
/collections/schmuck/products/ks029,/#seogid763749
/collections/plotterdateien/products/karte-mit-muster-digitales-design,/#seogid763972
/collections/schmuck/products/set001-1,/#seogid764107
/products/os032,/#seogid764329
/collections/schmuck/products/ks031,/#seogid764976
/products/kopie-von-ks018,/#seogid765146
/collections/lizenzen/products/gewerbliche-lizenz-fur-eine-datei,/#seogid765550
/collections/ohrringe-ohrstecker/products/os056,/#seogid766328
/collections/schmuck/products/kopie-von-diamantenglanz-raute-ohrhanger,/#seogid766719
/collections/all/products/3d-datei-blume-digitale-datei,/#seogid766977
/collections/kostenlose-plotterdateien/products/sommer-cocktail,/#seogid770184
/collections/plotterdateien/products/keep-calm-game-on,/#seogid770250
/collections/armbander/products/as005,/#seogid770392
/collections/ostern/products/plottersatei-bluetenherz,/#seogid770426
/collections/plotterdateien/products/lieber-papa-set,/#seogid770566
/collections/plotterdateien/products/eleganter-weihnachtsbaum,/#seogid770753
/collections/schmuck/products/kopie-von-sternenlicht-quadratohrringe-mit-halbmond-anhanger-1,/#seogid770755
/collections/plotterdateien/products/gemusterte-blume,/#seogid770810
/collections/schmuckset/products/ks029,/#seogid770879
/collections/steampunk-schmuck/products/ks037,https://sunnyartis.de/products/schmuckset-steampunk-rosa
/collections/plotterdateien/products/haschen,/#seogid770884
/collections/schmuck/products/os045,/#seogid770886
/collections/plotterdateien/products/grosses-weihnachtsset-baum-und-sterne,/#seogid770955
/products/os037,/#seogid770956
/collections/ohrringe-ohrstecker/products/kopie-von-os005,/#seogid771094
/collections/malbucher/products/fantasie-in-farbe-malbuch,/#seogid771163
/collections/schmuck/products/kopie-von-sternenlicht-quadratohrringe-mit-halbmond-anhanger,/#seogid771165
/collections/schmuck/products/os077,/#seogid771744
/collections/plotterdateien/products/spieglein-spieglein,/#seogid775262
/collections/ostern/products/os010,/#seogid776598
/collections/all/products/8er-herzset,/#seogid776835
/collections/steampunk-schmuck/products/ks030,/#seogid777204
/collections/ostern/products/kopie-von-ks033,/#seogid777802
/collections/schmuck/products/kopie-von-elegance-noir-ohrhanger,/#seogid778309
/collections/plotterdateien/products/prinzicke,/#seogid778407
/collections/schmuck/products/kopie-von-ks033,/#seogid779856
/collections/plotterdateien/products/bezaubernde-herzsilhouette,/products/plotterdatei-kostenlos-svg-herzsilhouette
/collections/kostenlose-plotterdateien/products/bezaubernde-herzsilhouette,/products/plotterdatei-kostenlos-svg-herzsilhouette
/collections/schmuckset/products/ks035,/#seogid781429
/collections/schmuck/products/fehlt-die-nummer-2,/#seogid781783
/collections/plotterdateien/products/geometrisches-gesicht-halloween,/#seogid781784
/collections/schmuck/products/set004,/#seogid782629
/collections/plotterdateien/products/grosses-weihnachtsset-sterne-und-schnee,/#seogid782630
/collections/kostenlose-plotterdateien/products/immer-verbundenschreibschrift,/#seogid782637
/cmd_sco,/#seogid444304
/kontakt,/#seogid565201
/collections/ostern/products/fantasie-in-farbe-malbuch,/#seogid724947
/collections/plotterdateien/products/coole-sneakers,/#seogid724954
/collections/schmuck/products/as005,/#seogid725245
/products/os064,/#seogid725518
/collections/plotterdateien/products/gemustertes-katzengesicht,/#seogid725606
/collections/basteldateien/products/shadowbox-halloween-digitales-design,/#seogid726132
/collections/schmuck/products/kopie-von-golden-rosa-schlusselohrringen,/#seogid726664
/collections/all/products/os069,/#seogid727831
/team,/#seogid303323
/collections/frontpage,/#seogid386238
/datenschutzerklaerung,/#seogid244846
/datenschutz,/#seogid244847
/datenschutz.html,/#seogid244848
/privacy,/#seogid244849
/data-privacy,/#seogid244851
/data-privacy-policy,/#seogid244853
/privacy-policy.html,/#seogid244854
/privacy-policy,/#seogid244855
/privacy-notice,/#seogid244856
/collections/ketten/products/ks023,/#seogid125257
/products/plottersatei-bluetenherz,/products/plotterdatei-bluetenherz
/collections/plotterdateien/products/grosses-weihnachtsset-allerlei,/#seogid28451
/collections/all/products/kopie-von-diamantenglanz-raute-ohrhanger-2,/#seogid34405
/pages/handgezeichnete-portrats,/#seogid54931
/products/armband-perlen,/products/silberweisses-perlenarmband
/products/glanzvolle-eleganz-armband,/products/armband-mit-rosa-steinen
/products/majestatischer-glanz-armband,/products/elegantes-armband-mit-blauen-steinen
/products/coole-tiere-fur-jungs-plotterdatei-svg,/products/plotterdatei-jungs-coole-tiere
/products/fantasie-in-farbe-malbuch-teenager,/products/fantasie-in-farbe-malbuch-fuer-teenager
/blogs/news/eine-feder-zeichnen,/blogs/news/Anleitung-federn-zeichnen
/products/fantasie-in-farbe-malbuch,/products/fantasie-in-farbe-malbuch-teenager
/products/poster,/products/poster-blutengeist
/products/poster-mit-aufhangern,/products/poster-bluetengeist
/products/kopie-von-diamantenglanz-raute-ohrhanger,/products/ros-bronze-boheme-ohrringe
/products/kopie-von-rose-bronze-boheme-ohrhanger,/products/blue-sky-boheme-ohrringe
/products/kopie-von-diamantenglanz-raute-ohrhanger-1,/products/ocean-bloom-ohrringe
/products/kopie-von-diamantenglanz-raute-ohrhanger-2,/products/golden-rosa-schluessel-ohrringen
/products/kopie-von-golden-rosa-schlusselohrringen,/products/galactic-square-ohrringe
/products/kopie-von-blue-sky-boheme-ohrhangern,/products/schattenmatrix-ohrringe-epoxidharz
/products/kopie-von-os053,/products/bronzebluetenzauber-ohrringe
/products/os051,/products/vogelfreiheit-plaettchen-ohrringe
/products/os019,/products/eclipsa-glamour-ohrringe-epoxidharz
/products/os045,/products/celestial-glitz-ohrringe-epoxidharz
/products/os052,/products/sternenklare-epoxidharz-ohrringe
/products/os017,/products/sterlingblue-galaxie-ohrringe-epoxidharz
/products/os048,/products/meerbrise-epoxidharz-ohrringe
/products/os024,/products/silver-noir-elegance-ohrringe-epoxidharz
/products/os025,/products/karaibische-kuestenzauber-ohrringe-epoxidharz
/products/os046-1,/products/starry-midnight-glitz-ohrringe-epoxidharz
/products/kopie-von-os043,/products/silber-glitzer-partyfunken-ohrringe
/products/os037-1,/products/rosa-eleganz-ohrringe-epoxidharz
/products/os027,/products/bluetenzauber-perlen-ohrringe-epoxidharz
/products/os030,/products/rosengarten-tropfen-ohrringe-epoxidharz
/products/os023,/products/golden-crimson-glitter-ohrringe-epoxidharz
/products/os004,/products/aquaflora-ohrringe
/products/os038-1,/products/mare-flora-ohrringe
/products/os031,/products/pink-power-eclipse-ohrringe
/products/os053,/products/sternennacht-blueten-ohrringen
/products/os026,/products/tropenstrand-traeume-ohrringe
/products/os044,/products/rosegold-glamour-ohrringe
/products/kopie-von-os047,/products/aquaglitz-ohrringe-epoxidharz
/products/os065,/products/lilith-glitz-ohrringe-epoxidharz
/products/os039,/products/grazioese-spitzenzauber-ohrringe
/products/os050,/products/zauberhafte-quadratur-altrosa-eleganz-ohrringe
/products/os066,/products/celestial-love-radiance-ohrringe
/products/os040,/products/mystische-spitzenzauber-ohrringe
/products/os061,/products/lilienrauten-ohrringe
/products/os042,/products/golden-glamour-quadrat-ohrringe-epoxidharz
/products/os057,/products/lilith-lumiere-ohrringe
/products/os067,/products/rosa-traumzauber-ohrringe
/products/os062,/products/mosaikmeisterwerk-ohrringe
/products/kopie-von-os062,/products/lila-bluetentreame-ohrringe
/products/os060,/products/ros-gold-vision-ohrringe-epoxidharz
/products/os058,/products/mystic-whisper-ohrringen
/products/os003,/products/lila-blaetenpracht-ohrringe
/products/os069,/products/stellar-shadows-ohrringe
/products/os056,/products/rose-runde-ohrringe
/products/os070,/products/eule-mond-stern-ohrringe
/products/os034,/products/einhorn-ohrringe
/products/os001,/products/sternenzauber-ohrringe
/products/kopie-von-os001,/products/eleganz-epoxid-ohrstecker
/products/os006,/products/eternal-ohrringe
/products/weihnachts-geschenkanhanger-plotterdatei-svg-kopie,/products/weihnachtswichtel-plotterdatei-svg-kostenlos
/products/kopie-von-os005,/products/enchanting-rose-ohrringe
/products/os010,/products/enchanting-blossom-ohrringe
/products/os012,/products/bluetenzauber-ohrringe
/products/fehlt-die-nummer-2,/products/ohrringe-lunar-hex-halbmond
/products/os077,/products/ohrringe-elegance-noir
/products/kopie-von-elegance-noir-ohrhanger,/products/ohrstecker-velvet-bloom
/products/kopie-von-velvet-bloom-ohrstecker,/products/ohrringe-marmoreffekt-quadrat
/products/kopie-von-aquaglitz-ohrringe,/products/quadratohrringe-epoxidharz
/products/kopie-von-sternenlicht-quadratohrringe-mit-halbmond-anhanger,/products/sternenlicht-ohrringe
/products/kopie-von-sternenlicht-quadratohrringe-mit-halbmond-anhanger-1,/products/ohrringe-fimo-gruengemustert
/products/gewerbliche-lizenz-fur-eine-datei,/products/gewerbliche-lizenz-plotterdatei
/products/immer-verbundenschreibschrift,/products/immer-verbunden-2-plotterdatei-svg
/products/immer-verbunden-druckschrift,/products/immer-verbunden-plotterdatei-svg
/products/karte-mit-muster-digitales-design,/products/karte-muster-plotterdatei-svg
/products/liebe-mama-set,/products/plotterdatei-muttertagsset-svg
/products/plottersdatei-vatertagsset,/products/plottersdatei-vatertagsset-kostenlos
/products/lieber-papa-set,/products/plottersdatei-vatertagsset
/products/suesses-haeschen,/products/suesses-haeschen-plotterdatei-svg
/products/spieglein-spieglein,/products/spieglein-spieglein-plotterdatei-svg
/products/sommer-cocktail,/products/sommer-cocktail-plotterdatei-kostenlos-svg
/products/schmetterling-mit-rosen,/products/schmetterling-mit-rosen-plotterdatei-kostenlos
/products/pfauen-in-love,/products/pfauen-plotterdatei-svg
/products/ostern-bastelset-digitales-design,/products/ostern-bastelset-plotterdatei-svg
/products/osterhasen-silhoutte-im-blumenei,/products/osterhasen-silhoutte-plotterdatei-svg
/products/mutter-und-kind,/products/mutter-und-kind-plotterdatei-svg
/products/weihnachtwuensche-im-schnee,/products/weihnachtwuensche-plotterdatei-svg
/products/weihnachts-geschenkanhaenger,/products/weihnachts-geschenkanhaenger-plotterdatei-kostenlos
/products/grosses-weihnachtsset-baum-und-sterne,/products/grosses-weihnachtsset-4-plotterdatei-svg
/products/grosses-weihnachtsset-mit-baum-und-schnee,/products/grosses-weihnachtsset-2-plotterdatei-svg
/products/grosses-weihnachtsset-sterne-und-schnee,/products/grosses-weihnachtsset-sterne-und-schnee-plotterdatei
/products/ks008,/products/goldene-katzenliebe-kette-epoxidharz
/products/ks023,/products/elegantes-dreieck-kette-epoxidharz
/products/ks022,/products/sternenglanz-herz-kette-epoxidharz
/products/ks024,/products/steampunk-eule-kette
/products/ks019,/products/moderne-eleganz-halskette-epoxidharz
/products/grosses-weihnachtsset-allerlei,/products/grosses-weihnachtsset-plotterdatei-svg-s3
/products/weihnachtsmann-mit-baum,/products/weihnachtsmann-mit-baum-plotterdatei-svg
/products/magische-sternsilhouette,/products/magische-sternsilhouette-plotterdatei-svg
/products/geometrisches-gesicht-halloween,/products/gruseliges-gesicht-plotterdatei-svg
/products/gemustertes-katzengesicht,/products/plotterdatei-svg-katzengesicht
/products/ks020,/products/moderne-kette-geometrische-figur-epoxidharz
/products/ks025,/products/steampunk-stern-kette-epoxidharz
/products/ks036,/products/steampunk-galaxy-kette
/products/ks017,/products/goldene-blumenpracht-kette
/products/ks001,/products/fluegelkette-epoxidharz
/products/feuerwehrmaennchen,/products/feuerwehrmaennchen-plotterdatei-svg
/products/familie-pfau,/products/familie-pfau-plotterdatei-svg
/products/eleganter-weihnachtsbaum,/products/weihnachtsbaum-plotterdatei-svg
/products/bezaubernde-herzsilhouette,/products/plotterdatei-kostenlos-svg-herzsilhouette
/products/8er-herzset,/products/8er-herzset-plotterdatei-svg
/products/kopie-von-ks002,/products/verde-mystique-kette-epoxidharz-cosplay
/products/ks003,/products/aetherische-cosplay-kette-epoxidharz
/products/ks006,/products/ephemeral-wings-halskette-epoxidharz
/products/ks021,/products/halskette-epoxidharz-glitzer-viereck
/products/ks009,/products/halskette-mit-katzenanhanger
/products/ks005,/products/sylphenschluessel-kette-epoxidharz
/products/ks026,/products/kette-mit-hirschanhaenger-epoxidharz
/products/ks015,/products/goldener-traumf-nger-kette-epoxidharz
/products/ks014,/products/goldene-raffinesse-kette-epoxidharz
/products/ks010,/products/halskette-mit-katzenanhaenger-epoxidharz
/products/ks016,/products/halskette-glitzer-epoxidharz-traumfaenger
/products/herbstlicher-igel-mit-blumen-plotterdatei-svg,/products/herbstlicher-igel-mit-blumen-plotterdatei-svg-kostenlos
/products/verschmuste-katzen-auf-dem-mond,/products/verschmuste-katzen-plotterdatei-svg
/products/wikinger-fanset,/products/wikinger-fanset-plotterdatei-svg
/products/keep-calm-game-on,/products/keep-calm-game-on-plotterdatei-svg
/products/vikings-design,/products/vikings-plotterdatei-svg
/products/zauberhaftes-windlicht-digitales-design,/products/zauberhaftes-windlicht-plotterdatei-svg
/products/kopie-von-ks018-1,/products/goldene-rosen-kette-epoxidharz
/products/bunny-kette,/products/bunny-kette-epoxidharz
/products/ks011,/products/bunny-kette
/products/ks038,/products/ankerzeit-steampunk-kette
/products/niedlicher-osterhase-stupsnase,/products/plotterdatei-svg-osterhase-stupsnase
/products/coole-sneakers,/products/plotterdatei-svg-coole-sneakers
/products/3d-datei-blume-digitale-datei,/products/3d-blume-plotterdatei-svg
/products/prost-auf-weihnachten,/products/prost-auf-weihnachten-svg-plotterdatei
/products/ks039,/products/eleganz-anker-kette
/products/ks040,/products/anker-steampunk-kette
/products/ks007,/products/stellar-seas-schmuckset
/products/ks035,/products/rose-enchantment-schmuckset
/products/ks034,/products/golden-bloom-schmuckset
/products/3d-christbaumschmuck-hirsch-digitales-design,/products/3d-christbaumschmuck-hirsch-svg-plotterdatei
/products/prinzicke,/products/prinzicke-svg-plotterdatei
/products/gerahmtes-poster-auf-mattem-papier,/products/gerahmtes-poster-frau-mit-sonnenbrille
/products/ks037,/products/schmuckset-steampunk-rosa
/products/kopie-von-ks033,/products/schmuckset-rose-epoxidharz
/products/crimson-celestial-schmucksetrot-gold-schmuckset-epoxidharz,/products/rot-gold-schmuckset-epoxidharz
/products/set001-1,/products/crimson-celestial-schmucksetrot-gold-schmuckset-epoxidharz
/products/set002,/products/silver-blaues-schmuckset-epoxidharz
/products/set003,/products/epoxidharz-armband-ohrringe
/products/set004,/products/mutter-tochter-armband
/products/ks027,/products/schmuckset-steampunk-gold-glitzer
/products/wikinger-trinkspruch-skal,/products/plotterdatei-svg-wikinger-trinkspruch
/products/retro-gamer-tetris-design,/products/plotterdatei-svg-gamer-tetris
/products/gerahmtes-poster-auf-mattem-papier-ballerina,/products/gerahmtes-poster-ballerina
/products/ks031,/products/steampunk-schmuckset-ohrringe-kette
/products/ks029,/products/schmuckset-ohrstecker-kette-steampunk
/products/ks041,/products/schmuckset-rosen-epoxidharz
/products/shadowbox-mondfee-digitales-design,/products/fee-schattenbox-plotterdatei-svg
/products/shadowbox-halloween-digitales-design,/products/halloween-schattenbox-lampe-svg-plotterdatei
/products/aehm-nein-faultier,/products/plotterdatei-faultier-svg
/products/6er-set-kreisformige-umrandungen,/products/set-umrandungen-plotterdatei-svg
/products/6er-federset,/products/federset-plotterdatei-svg
/products/fuchs-hirsch-und-eichhoernchen-im-set,/products/herbstset-plotterdatei-svg
/plotterunterseiten/plotterunterseiten-kostenlos/faultier,https://sunnyartis.de/collections/plotterdateien/products/aehm-nein-faultier?_pos=2&_fid=1cc0404bb&_ss=c
/shop-unterseiten/plotterunterseiten-kostenlos/chibi-m%c3%a4dchen-musik,https://sunnyartis.de/collections/plotterdateien/products/musicgirl-plotterdatei-svg?_pos=17&_fid=1cc0404bb&_ss=c
/shop-unterseiten/plotterunterseiten-shop/mandalaset1,https://sunnyartis.de/collections/plotterdateien/products/7er-set-mandalas?_pos=16&_fid=481f97f2c&_ss=c
/draw-and-more/deutsch,/
/comments,/
/produkte/designs-auf-produkten,/
/app/module/webproduct/goto/m/m1fc24a56b07bc7d6,/
/produkte/muster-und-digipapier/nahtlose-muster-und-digipapier,https://sunnyartis.de/collections/muster
/plotterunterseiten/plotterunterseiten-kostenlos/osterhase,https://sunnyartis.de/collections/plotterdateien/products/niedlicher-osterhase-stupsnase?_pos=5&_fid=94b94cb89&_ss=c
/collections/ausmalprodukte/products/leinwand-mit-ausmalmotiv-selbstbewusste-frau,https://sunnyartis.de/collections/leinwande/products/leinwand-ausmalen-frau
/shop-unterseiten/plotterunterseiten-shop/sneakersset,https://sunnyartis.de/collections/plotterdateien/products/plotterdatei-sneakers-set?_pos=15&_fid=f34638baa&_ss=c
/plotterunterseiten/plotterunterseiten-kostenlos/mandala22,https://sunnyartis.de/collections/plotterdateien/products/7er-set-mandalas?_pos=7&_fid=a8a302f39&_ss=c
/app/download/10415768485/sunnyartis_plotterdateien_0073herzsilhoutte.zip?t=1675760394,/
/produkte/accessoires-und-schmuck/designs-zum-druck,/
/$%7be%7d,/
/j/privacy,https://sunnyartis.de/pages/datenschutz
/collections/leinwande/products/leinwand-mit-ausmalmotiv-rosen-einhorn,https://sunnyartis.de/collections/leinwande/products/leinwand-zum-ausmalen-einhorn
/produkte/muster-und-digipapier,https://sunnyartis.de/collections/muster
/collections/kostenlose-ausmalbilder/products/blumen-malbild,https://sunnyartis.de/collections/kostenlose-ausmalbilder/products/sonnenblumen-malbild
/cdn,/
/plotterdatei/kostenlos/weihnachtsset,https://sunnyartis.de/products/weihnachts-geschenkanhaenger
/app/download/9984098585/sunnyartis_plotterdateien_0073herzsilhoutte.zip?t=1675760394,/
/plotterunterseiten/plotterunterseiten-kostenlos/k%c3%bcrbissgesichter,https://sunnyartis.de/products/halloween-kuerbisse-plotterdatei-kostenlos
/v1/produce,/
/collections/plotterdateien-und-downloads/products/bluetenherz,https://sunnyartis.de/products/plottersatei-bluetenherz
/collections/plotter-und-schneidedateien/products/rosen,https://sunnyartis.de/products/rosen-plotterdatei-svg
/collections/plotterdateien/products/eleganter-pfau,https://sunnyartis.de/products/plotterdatei-svg-pfau
/collections/plotterdateien/products/fliegende-eule,https://sunnyartis.de/products/plotterdatei-svg-eule
/collections/plotterdateien/products/rosen,https://sunnyartis.de/products/rosen-plotterdatei-svg
/collections/plotterdateien/products/bluetenherz,https://sunnyartis.de/products/plottersatei-bluetenherz
/products/as011,/products/perlenarmband-swirbel
/products/as008,/products/forest-perlenarmband-herzanhaenger
/products/as010,/products/rose-perlen-armband
/products/as005,/products/mystic-noir-perlen-armband
/products/10er-set-halloween-kuerbisse,/products/halloween-kuerbisse-plotterdatei-kostenlos
/products/gruseliger-halloween-kuerbis,/products/gruseliger-halloween-kuerbis-plotterdatei-svg
/products/musicgirl,/products/musicgirl-plotterdatei-svg
/products/bezauberne-fee-mit-spruechen,/products/plotterdatei-svg-fee
/products/haschen,/products/haschen-plotterdatei-svg
/collections/plotterdateien-und-downloads/products/verspieltes-eichhoernchen,https://sunnyartis.de/products/plotterdatei-svg-eichhoernchen
/collections/kostenlose-ausmalbilder/products/ente-mit-pinsel,https://sunnyartis.de/products/ente-mit-pinsel-malbild
/collections/plotterdateien/products/windlicht-hirsch-und-fuchs-digitales-design,https://sunnyartis.de/products/plotterdatei-svg-basteldatei-windlicht
/plotterdatei/kostenlos/herz-blumenmuster,https://sunnyartis.de/products/plottersatei-bluetenherz
/collections/schmuck/products/as002,https://sunnyartis.de/products/armband-perlen
/collections/plotterdateien/products/elegantes-reh,https://sunnyartis.de/products/plotterdatei-svg-reh
/collections/plotterdateien/products/gemusterter-schmetterling,https://sunnyartis.de/products/plotterdatei-svg-schmetterling
/collections/all/products/as002,https://sunnyartis.de/products/armband-perlen
/j/shop/deliveryinfo,https://sunnyartis.de/pages/lieferbedingungen
/$%7bt%7d,/
/wpm,/
/collections/plotterdateien/products/rosen-einhorn,https://sunnyartis.de/products/plotterdatei-svg-einhorn
/collections/plotterdateien-und-downloads/products/gamer-mit-stil,https://sunnyartis.de/products/plotterdatei-gamer-mit-stil
/collections/plotterdateien-und-downloads/products/gemusterter-schmetterling,https://sunnyartis.de/products/plotterdatei-svg-schmetterling
/plotterunterseiten/plotterunterseiten-kostenlos/schmetterlingsfrau,https://sunnyartis.de/products/bezauberne-fee-mit-spruechen
/collections/plotterdateien-und-downloads/products/rosen,https://sunnyartis.de/products/rosen-plotterdatei-svg
/plotterunterseiten/plotterunterseiten-kostenlos/herzset,https://sunnyartis.de/products/8er-herzset
/collections/schmuck/products/as003,https://sunnyartis.de/products/perlen-armband-pink-harmony
/products/gemusterte-blume,/products/plotterdatei-svg-gemusterte-blume
/products/eule-mit-amulett,/products/plotterdatei-svg-eule-mit-amulett
/products/katze-mit-spurch,/products/plotterdatei-svg-katze-mit-spurch
/products/as004,/products/doppeltes-perlenarmband
/products/as006,/products/marmoriertes-perlenarmband
/products/as001,/products/perlenarmband-pink-glitter
/products/du-bist-nicht-du,/products/du-bist-nicht-du-plotterdatei-svg
/products/traumfaenger,/products/traumfaenger-plotterdatei-svg
/products/herbstlicher-igel,/products/plotterdatei-igel-svg
/products/kopie-von-as011,/products/perlen-armband-eternal-love
/products/as003,/products/perlen-armband-pink-harmony
/products/as002,/products/armband-perlen
/products/as013,/products/armband-perlen-teurkis
/products/maedchen-zum-nachdenken,/products/maedchen-denken-plotterdatei-svg
/products/headset-fuer-gamer,/products/headset-plotterdatei-svg
/products/laessige-sneakers,/products/plotterdatei-svg-sneakers-laessig
/products/os014,/products/schwarzes-perlen-armband
/products/rosen-einhorn,/products/plotterdatei-svg-einhorn
/products/rosen,/products/rosen-plotterdatei-svg
/products/fliegende-eule,/products/plotterdatei-svg-eule
/products/pfauen-im-set,/products/plotterdatei-set-pfauen
/products/gemusterter-schmetterling,/products/plotterdatei-svg-schmetterling
/products/eleganter-pfau,/products/plotterdatei-svg-pfau
/products/windlicht-hirsch-und-fuchs-digitales-design,/products/plotterdatei-svg-basteldatei-windlicht
/products/verpackung-fuer-suessigkeiten-sternmotiv-digitales-design,/products/plotterdatei-svg-sussigkeiten-verpackung
/products/elegantes-reh,/products/plotterdatei-svg-reh
/products/verspielter-kolibri,/products/plotterdatei-svg-kolibri
/products/pfau-flamingo-und-kolibri-im-set,/products/plotterdatei-svg-voegel
/products/verspieltes-eichhoernchen,/products/plotterdatei-svg-eichhoernchen
/products/charmanter-fuchs,/products/plotterdatei-fuchs
/products/bluetenherz,/products/plottersatei-bluetenherz
/products/anmutiger-hirsch,/products/plotterdatei-hirsch
/products/grosses-sneakers-set,/products/plotterdatei-sneakers-set
/products/ballet-sneakers,/products/plotterdatei-ballet-sneakers
/products/gamer-mit-stil,/products/plotterdatei-gamer-mit-stil
/products/ente-mit-pinsel,/products/ente-mit-pinsel-malbild
/products/madchen-mit-sonnenbrille,/products/madchen-mit-sonnenbrille-ausmalbild
/products/blumen-malbild-2,/products/bluete-malbild
/products/blumen-malbild-1,/products/blumenwiese-malbild
/products/blumen-malbild-3,/products/sonnenblumen-malbild
/products/blumen-malbild,/products/blumenstrauss-malbild
/products/kopie-von-ausmalbild-osterhase,/products/ausmalbild-hase-kostenlos
/products/ausmalbild-osterhase-2,/products/ausmalbild-ostern
/products/ausmalbild-osterhase-1,/products/ausmalbild-osterhase-ostereier
/products/kopie-von-leinwand-mit-ausmalmotiv-hase,/products/leinwand-ausmalen-anime
/products/leinwand-mit-ausmalmotiv-selbstbewusste-frau,/products/leinwand-ausmalen-frau
/products/leinwand-mit-ausmalmotiv-rosen-einhorn,/products/leinwand-zum-ausmalen-einhorn
/products/leinwand-mit-ausmalmotiv-papageien,/products/leinwand-zum-ausmalen-papageien
/products/leinwand-mit-ausmalmotiv-maedchen-mit-teddy,/products/leinwand-zum-ausmalen-maedchen-mit-teddy
/products/leinwand-mit-ausmalmotiv-mystische-meerjungfrau,/products/leinwand-zum-ausmalen-meerjungfrau
/products/leinwand-mit-ausmalmotiv-eule-mitamulett,/products/leinwand-mit-ausmalmotiv-eule
/collections/malbucher/products/fantasie-in-farbe,/products/fantasie-in-farbe-malbuch
/products/fantasie-in-farbe,/products/fantasie-in-farbe-malbuch
/pages/portrats,/pages/handgezeichnete-portrats
/collections/steampunk,/collections/steampunk-schmuck
/collections/poster,/collections/kunst-auf-postern
/collections/50x50,/collections/poster-format-50x50
/collections/postervonkunstlern,/collections/poster-von-kunstlern
/collections/poster-a3,/collections/postervonkunstlern
/collections/png,/collections/clipart
/collections/plotter-und-schneidedateien,/collections/plotterdateien-und-downloads
/collections/ausmalprodukte,/collections/leinwande
/collections/malbucher-1,/collections/malbucher
/collections/ausmalprodukte-1,/collections/ausmalen
/ads.txt,https://cdn.shopify.com/s/files/1/0773/8205/8332/files/ads.txt?v=1704544877
/about,/
/testseite,/
/shop-unterseiten/poster-und-prints/shop-prints-und-poster,/collections/poster
/poster/poster-und-prints,/collections/poster
/poster,/collections/poster
/schmuck/ohrringe-1/ohrringe-anh%c3%a4nger-gro%c3%9f,/collections/ohrringe-ohrstecker
/schmuck/ohrringe-1/ohrringe-anh%c3%a4nger-klein,/collections/ohrringe-ohrstecker
/schmuck/ohrringe-1/ohrringe-stecker,/collections/ohrringe-ohrstecker
/schmuck/ohrringe-1,/collections/ohrringe-ohrstecker
/schmuck/ketten/ketten-sets,/collections/schmuckset
/schmuck/ketten/ketten-mit-glitzer,/collections/ketten
/schmuck/ketten/ketten-libelle-und-anhaenger,/collections/ketten
/schmuck/ketten,/collections/ketten
/schmuck,/collections/schmuck
/plotterdatei/kostenlos/katzemuster,/products/gemustertes-katzengesicht
/plotterdatei/kostenlos/weihnachstanh%c3%a4nger,/products/weihnachts-geschenkanhaenger
/plotterdatei/kostenlos/k%c3%bcrbissgesichter,/products/10er-set-halloween-kuerbisse
/plotterdatei/kostenlos/cocktailglas,/products/sommer-cocktail
/plotterdatei/kostenlos/stern,/products/magische-sternsilhouette
/plotterdatei/kostenlos/chibi-feuerwehrmann,/products/feuerwehrmaennchen
/plotterdatei/kostenlos/geokopf,/products/geometrisches-gesicht-halloween
/plotterdatei/kostenlos/immer-verbunden,/products/immer-verbundenschreibschrift
/plotterdatei/kostenlos/osterset,/products/ostern-bastelset-digitales-design
/plotterunterseiten/plotterunterseiten-kostenlos/mutter-und-vatertag,/products/liebe-mama-set
/plotterdatei/kostenlos/karte-mit-muster,/collections/plotterdateien
/plotterdatei/kostenlos/kostenlose-digipapiere,/collections/muster
/plotterdatei/kostenlos/herz,/products/bezaubernde-herzsilhouette
/plotterdatei/kostenlos,/collections/plotter-und-schneidedateien
/plotterdatei/shop/gaming-tv-lifestyle,/collections/plotter-und-schneidedateien
/plotterdatei/shop/zauberhaft,/collections/plotter-und-schneidedateien
/plotterdatei/shop/tiere-und-kinder,/collections/plotter-und-schneidedateien
/plotterdatei/shop/feiertage,/collections/plotter-und-schneidedateien
/plotterdatei/shop/jahreszeiten,/collections/plotter-und-schneidedateien
/plotterdatei/shop,/collections/plotter-und-schneidedateien
/plotterdatei,/collections/plotterdateien
/draw-and-more/informations-about-our-drawings,/pages/portrats
/draw-and-more/voucher,/
/draw-and-more/youtube-channel,/
/draw-and-more/contact,/
/draw-and-more/pricelist,/pages/portrats
/draw-and-more/gallery,/
/draw-and-more/about-us,/
/draw-and-more/englisch,/
/draw-and-more,/
/faq,/
/draw-and-more/kontakt,/
/%c3%bcber-uns,/
/galerie/accessoires-und-schmuck,/pages/epoxidharz
/galerie/plotterdesigns,/collections/plotterdateien
/draw-and-more/youtube-kanal,/
/draw-and-more/galerie,/
/galerie,/
/produkte/gutscheine,/
/produkte/poster-und-prints,/collections/poster
/produkte/accessoires-und-schmuck/schmuck-aus-epoxidharz,/collections/ohrringe-ohrstecker
/produkte/schmuck/ketten-und-sets,/collections/ketten
/produkte/schmuck,/collections/schmuck
/produkte/kommerzielle-lizenz,/collections/lizenzen
/produkte/png-cliparts,/collections/png
/draw-and-more/%c3%bcber-uns/designs-auf-produkten,/
/draw-and-more/%c3%bcber-uns/plotterdatei-download,/collections/plotter-und-schneidedateien
/draw-and-more/%c3%bcber-uns/shop,/collections/plotter-und-schneidedateien
/draw-and-more/%c3%bcber-uns,/collections/plotter-und-schneidedateien
/produkte/portr%c3%a4tzeichnung/informationen-zur-herstellung,/pages/portrats
/draw-and-more/preise,/pages/portrats
/produkte/portr%c3%a4tzeichnung,/pages/portrats
/produkte/leinw%c3%a4nde-zum-ausmalen,/collections/ausmalprodukte
/produkte/malbuch,/products/fantasie-in-farbe
/produkte,/
